Modelo;Precision;Recall;F1-Score;AUC-ROC;AUC-PR
6. Random Forest + SMOTE;0.8902439024390244;0.9864864864864865;0.9358974358974359;0.999895908927642;0.9726709364105652
3. Gradient Boosting;0.9444444444444444;0.918918918918919;0.9315068493150684;0.9858245552305764;0.9306705544427063
5. MLP Neural Network;0.875;0.8513513513513513;0.863013698630137;0.9994898071383019;0.927772850177738
2. Random Forest;0.7790697674418605;0.9054054054054054;0.8375;0.9996855276757637;0.9457051089232211
4. SVM (RBF);0.47413793103448276;0.7432432432432432;0.5789473684210527;0.9974255785484427;0.5157646627739908
1. Logistic Regression;0.3333333333333333;0.9864864864864865;0.49829351535836175;0.9995257258886225;0.9748849749362081
7. Stacking Ensemble;0.31092436974789917;1.0;0.47435897435897434;0.9997727589265425;0.9577412251538838
