config,prec_mean,prec_std,rec_mean,rec_std,f1_mean,f1_std
RF+SMOTE ≥0.5,0.9293791429615323,0.02221741789416247,0.9029387755102041,0.04123297548550907,0.9155580794378949,0.025798387886220228
GB ≥0.5,0.9384899864287413,0.028341922623024013,0.8622857142857143,0.044241584332577424,0.8983934775969441,0.03228228925879095
Rules ≥7,0.8983234642230971,0.03669170102630675,0.708734693877551,0.0444294666788956,0.7916527782620318,0.034136750206257296
Hybrid-AND RF+SMOTE≥0.5+Rules≥7,0.9947368421052631,0.011768778828946249,0.708734693877551,0.0444294666788956,0.8269215503620909,0.028658985977654157
Hybrid-AND GB≥0.6+Rules≥6,0.9860465116279069,0.031200948523252885,0.7693061224489796,0.04129353684201621,0.8633845605007242,0.02410910444035085
Hybrid-OR RF+SMOTE≥0.7+Rules≥8,0.9673628421772642,0.012472781889674716,0.8380408163265306,0.04044978273055085,0.8976568592697625,0.024546965297490318
Naive ≥8,0.6494722393567066,0.0735974166480526,0.5146938775510204,0.07647480958758725,0.5709074814224011,0.05713401096674708
