config,prec_mean,prec_std,rec_mean,rec_std,f1_mean,f1_std
RF+SMOTE ≥0.5,0.9293791429615323,0.0222174178941624,0.902938775510204,0.041232975485509,0.9155580794378948,0.0257983878862202
GB ≥0.5,0.9384899864287412,0.028341922623024,0.8622857142857143,0.0442415843325774,0.8983934775969441,0.0322822892587909
Rules ≥7,0.8983234642230971,0.0366917010263067,0.708734693877551,0.0444294666788956,0.7916527782620318,0.0341367502062572
Hybrid-AND RF+SMOTE≥0.5+Rules≥7,0.9947368421052633,0.0117687788289462,0.708734693877551,0.0444294666788956,0.8269215503620909,0.0286589859776541
Hybrid-AND GB≥0.6+Rules≥6,0.9860465116279068,0.0312009485232528,0.7693061224489796,0.0412935368420162,0.8633845605007242,0.0241091044403508
Hybrid-OR RF+SMOTE≥0.7+Rules≥8,0.9673628421772642,0.0124727818896747,0.8380408163265306,0.0404497827305508,0.8976568592697625,0.0245469652974903
Naive ≥8,0.6494722393567066,0.0735974166480526,0.5146938775510204,0.0764748095875872,0.5709074814224011,0.057134010966747
XGBoost ≥0.5,0.951265242769038,0.0355737120888217,0.9007058823529411,0.0484160114188657,0.9242678693722014,0.0303127592365404
