{
  "notebook": "01_analise_comparativa_tecnicas",
  "dataset": "data/COMPARADORSEMIDENT.csv",
  "best_by_f1": {
    "Modelo": "6. Random Forest + SMOTE",
    "Precision": 0.8902439024390244,
    "Recall": 0.9864864864864864,
    "F1-Score": 0.935897435897436,
    "AUC-ROC": 0.999895908927642,
    "AUC-PR": 0.9726709364105652
  },
  "best_by_precision": {
    "Modelo": "3. Gradient Boosting",
    "Precision": 0.9444444444444444,
    "Recall": 0.918918918918919,
    "F1-Score": 0.9315068493150684,
    "AUC-ROC": 0.9858245552305764,
    "AUC-PR": 0.9306705544427064
  },
  "best_by_recall": {
    "Modelo": "7. Stacking Ensemble",
    "Precision": 0.3109243697478991,
    "Recall": 1.0,
    "F1-Score": 0.4743589743589743,
    "AUC-ROC": 0.9997727589265424,
    "AUC-PR": 0.9577412251538838
  }
}